{
  "crime": 0.190381720662117,
  "disaster": 0.4115464985370636,
  "gore": 0.6702718734741211,
  "horror": 0.23770157992839813
}